content, date,
longing,2021-10-28 21:40:00
eidetic,2021-10-28 23:01:01
akin,2021-10-28 23:06:45
spring,2021-10-31 23:59:11
catalyst,2021-11-01 00:05:07
wit,2021-11-01 00:06:04
wit,2021-11-02 13:49:13
proclivity,2021-11-04 12:18:36
from,2021-11-05 23:01:00
blossomed,2021-11-13 23:34:44
outlets,2021-11-14 21:05:01
innovation,2021-11-14 23:24:27
Groupon,2021-11-15 18:39:37
baseline,2021-11-16 22:49:48
batch,2021-11-22 08:16:58
churn,2021-11-23 08:23:06
sociobiologists,2021-11-28 11:25:36
stark,2021-11-29 16:19:21
sift,2021-11-29 16:35:30
inefably,2021-12-03 00:00:13
Welch,2022-01-25 11:59:38
eudaimonia,2022-02-08 23:05:40
Laszlo,2022-04-12 16:00:05
heuristic,2022-04-25 18:28:32
marvels,2022-04-25 18:36:17
Zipf’s,2022-05-02 22:33:31
algae,2022-07-02 23:21:19
modicum,2022-07-02 23:57:34
alpha-amylase,2022-07-10 18:59:11
Meditation,2022-07-21 20:51:38
www.fourhourblog.com,2023-08-24 00:47:43
cul-de-sacs,2023-09-03 01:23:08
cul-de-sacs,2023-09-03 01:23:11
Olmèques,2023-11-15 06:22:46
balked,2024-02-21 15:00:41
bereft,2024-02-21 15:05:14
gospel,2024-02-23 15:06:03
bicker,2024-03-10 05:06:26
fierce,2024-03-10 05:13:18
reticent,2024-03-10 05:16:18
spiel,2024-03-10 05:17:07
ruminate,2024-03-10 17:00:06
vantage,2024-03-10 17:01:29
cope,2024-03-10 17:06:36
blowback,2024-03-10 17:12:06
convey,2024-03-10 17:15:40
derision,2024-03-10 17:18:20
rambling,2024-03-10 17:18:42
disjointed,2024-03-10 17:18:58
undermine,2024-03-10 17:35:44
cull,2024-03-10 22:54:31
utterance,2024-03-10 22:59:48
transience,2024-03-10 23:03:33
circumspect,2024-03-13 04:35:30
overt,2024-03-13 04:49:54
forthcoming,2024-03-16 12:10:26
assertive,2024-03-16 12:15:29
acquaintance,2024-03-16 12:19:17
flourish,2024-03-16 12:19:53
inquiry,2024-03-16 12:29:56
thought-provoking,2024-03-16 12:30:03
musing,2024-03-16 12:30:20
delve,2024-03-16 12:30:28
lingo,2024-03-19 15:56:27
http://textanalyzer.org/,2024-03-19 16:07:21
Fledgling,2024-03-21 03:48:35
riveting,2024-03-21 04:00:11
honed,2024-03-21 04:00:26
compendium,2024-03-21 04:01:42
hinges,2024-03-21 04:03:20
lulling,2024-03-21 04:05:23
interspersed,2024-03-21 04:12:05
apex,2024-03-21 04:14:35
jagged,2024-03-21 04:14:49
adept,2024-03-21 04:14:59
subsides,2024-03-21 04:15:22
